mach,cd
0.01,0.355572
0.02,0.367334
0.03,0.386623
0.04,0.394168
0.05,0.397343
0.06,0.398577
0.07,0.398848
0.08,0.398608
0.09,0.398088
0.1,0.397413
0.11,0.396654
0.12,0.395854
0.13,0.395038
0.14,0.394222
0.15,0.393416
0.16,0.392627
0.17,0.391856
0.18,0.391107
0.19,0.39038
0.2,0.389675
0.21,0.388993
0.22,0.388333
0.23,0.387693
0.24,0.387075
0.25,0.386476
0.26,0.386147
0.27,0.385836
0.28,0.385542
0.29,0.385265
0.3,0.385004
0.31,0.384758
0.32,0.384526
0.33,0.384307
0.34,0.384102
0.35,0.383909
0.36,0.383728
0.37,0.383559
0.38,0.3834
0.39,0.383252
0.4,0.383113
0.41,0.382985
0.42,0.382865
0.43,0.382754
0.44,0.382652
0.45,0.382558
0.46,0.382472
0.47,0.382393
0.48,0.382321
0.49,0.382256
0.5,0.382198
0.51,0.382146
0.52,0.382101
0.53,0.38224
0.54,0.382463
0.55,0.382686
0.56,0.382909
0.57,0.383132
0.58,0.383355
0.59,0.383578
0.6,0.383801
0.61,0.384479
0.62,0.385141
0.63,0.385802
0.64,0.386464
0.65,0.387126
0.66,0.387787
0.67,0.388449
0.68,0.389111
0.69,0.389773
0.7,0.390435
0.71,0.391097
0.72,0.391759
0.73,0.392421
0.74,0.393083
0.75,0.393746
0.76,0.394408
0.77,0.39507
0.78,0.395733
0.79,0.396395
0.8,0.397058
0.81,0.39772
0.82,0.398383
0.83,0.399045
0.84,0.399708
0.85,0.400371
0.86,0.401034
0.87,0.401697
0.88,0.402359
0.89,0.403022
0.9,0.403685
0.91,0.483107
0.92,0.562529
0.93,0.641951
0.94,0.721373
0.95,0.800795
0.96,0.880216
0.97,0.959638
0.98,1.03906
0.99,1.118482
1,1.197904
1.01,1.277326
1.02,1.356748
1.03,1.436169
1.04,1.515591
1.05,1.595013
1.06,1.600236
1.07,1.605554
1.08,1.610957
1.09,1.616434
1.1,1.621978
1.11,1.628111
1.12,1.635863
1.13,1.643649
1.14,1.651467
1.15,1.659311
1.16,1.666287
1.17,1.673253
1.18,1.677684
1.19,1.681391
1.2,1.68478
1.21,1.688157
1.22,1.691514
1.23,1.694845
1.24,1.698148
1.25,1.701416
1.26,1.704647
1.27,1.707836
1.28,1.710981
1.29,1.714082
1.3,1.717135
1.31,1.72014
1.32,1.723095
1.33,1.725998
1.34,1.72885
1.35,1.73165
1.36,1.734398
1.37,1.737093
1.38,1.739735
1.39,1.742323
1.4,1.74486
1.41,1.747343
1.42,1.749773
1.43,1.752151
1.44,1.754477
1.45,1.756751
1.46,1.758975
1.47,1.761148
1.48,1.763271
1.49,1.765344
1.5,1.767368
1.51,1.769343
1.52,1.771271
1.53,1.773152
1.54,1.774986
1.55,1.776774
1.56,1.778517
1.57,1.780215
1.58,1.781869
1.59,1.78348
1.6,1.785048
1.61,1.786574
1.62,1.78806
1.63,1.789505
1.64,1.790909
1.65,1.792275
1.66,1.793601
1.67,1.79489
1.68,1.796141
1.69,1.797356
1.7,1.798535
1.71,1.799678
1.72,1.800787
1.73,1.801862
1.74,1.802903
1.75,1.803912
1.76,1.804888
1.77,1.805832
1.78,1.806745
1.79,1.807628
1.8,1.80848
1.81,1.809304
1.82,1.810098
1.83,1.810865
1.84,1.811603
1.85,1.812314
1.86,1.812999
1.87,1.813657
1.88,1.81429
1.89,1.814897
1.9,1.81548
1.91,1.816038
1.92,1.816572
1.93,1.817084
1.94,1.817572
1.95,1.818038
1.96,1.818482
1.97,1.818904
1.98,1.819305
1.99,1.819685
2,1.820045
2.01,1.820528
2.02,1.820984
2.03,1.821424
2.04,1.821846
2.05,1.822252
2.06,1.82264
2.07,1.823013
2.08,1.82337
2.09,1.823712
2.1,1.824038
2.11,1.82435
2.12,1.824647
2.13,1.824931
2.14,1.8252
2.15,1.825454
2.16,1.825697
2.17,1.825925
2.18,1.826142
2.19,1.826345
2.2,1.826536
2.21,1.826716
2.22,1.826883
2.23,1.82704
2.24,1.827184
2.25,1.827318
2.26,1.827441
2.27,1.827554
2.28,1.827655
2.29,1.827747
2.3,1.82783
2.31,1.827903
2.32,1.827965
2.33,1.828018
2.34,1.828063
2.35,1.828098
2.36,1.828125
2.37,1.828144
2.38,1.828154
2.39,1.828156
2.4,1.82815
2.41,1.828136
2.42,1.828115
2.43,1.828086
2.44,1.828049
2.45,1.828006
2.46,1.827956
2.47,1.827899
2.48,1.827834
2.49,1.827764
2.5,1.827687
2.51,1.827603
2.52,1.827513
2.53,1.827418
2.54,1.827317
2.55,1.82721
2.56,1.827098
2.57,1.826979
2.58,1.826856
2.59,1.826727
2.6,1.826593
2.61,1.826454
2.62,1.82631
2.63,1.826161
2.64,1.826008
2.65,1.825849
2.66,1.825687
2.67,1.82552
2.68,1.82625
2.69,1.827552
2.7,1.828833
2.71,1.830094
2.72,1.831336
2.73,1.832557
2.74,1.833759
2.75,1.834942
2.76,1.836107
2.77,1.837254
2.78,1.838381
2.79,1.839492
2.8,1.840584
2.81,1.84166
2.82,1.842719
2.83,1.843761
2.84,1.844786
2.85,1.845795
2.86,1.846788
2.87,1.847766
2.88,1.848728
2.89,1.849675
2.9,1.850606
2.91,1.851523
2.92,1.852426
2.93,1.853313
2.94,1.854186
2.95,1.855046
2.96,1.855891
2.97,1.856724
2.98,1.857543
2.99,1.858348
3,1.859141
3.01,1.859993
3.02,1.86086
3.03,1.861714
3.04,1.862556
3.05,1.863384
3.06,1.8642
3.07,1.865005
3.08,1.865797
3.09,1.866578
3.1,1.867346
3.11,1.868104
3.12,1.86885
3.13,1.869586
3.14,1.87031
3.15,1.871024
3.16,1.871727
3.17,1.872419
3.18,1.873101
3.19,1.873774
3.2,1.874436
3.21,1.875089
3.22,1.875732
3.23,1.876365
3.24,1.876989
3.25,1.877603
3.26,1.878209
3.27,1.878805
3.28,1.879392
3.29,1.879972
3.3,1.880542
3.31,1.881105
3.32,1.881658
3.33,1.882204
3.34,1.88274
3.35,1.88327
3.36,1.883792
3.37,1.884306
3.38,1.884812
3.39,1.88531
3.4,1.885802
3.41,1.886286
3.42,1.886762
3.43,1.887232
3.44,1.887696
3.45,1.888152
3.46,1.8886
3.47,1.889043
3.48,1.889478
3.49,1.889907
3.5,1.890331
3.51,1.890747
3.52,1.891157
3.53,1.891561
3.54,1.89196
3.55,1.892352
3.56,1.892738
3.57,1.893118
3.58,1.893493
3.59,1.893863
3.6,1.894226
3.61,1.894584
3.62,1.894937
3.63,1.895284
3.64,1.895626
3.65,1.895963
3.66,1.896294
3.67,1.896621
3.68,1.896943
3.69,1.897259
3.7,1.897572
3.71,1.897878
3.72,1.898181
3.73,1.898479
3.74,1.898773
3.75,1.899061
3.76,1.899345
3.77,1.899625
3.78,1.8999
3.79,1.900172
3.8,1.900438
3.81,1.900701
3.82,1.90096
3.83,1.901214
3.84,1.901465
3.85,1.901711
3.86,1.901954
3.87,1.902193
3.88,1.902428
3.89,1.902658
3.9,1.902886
3.91,1.90311
3.92,1.90333
3.93,1.903547
3.94,1.90376
3.95,1.90397
3.96,1.904176
3.97,1.904378
3.98,1.904579
3.99,1.904774
4,1.904968
4.01,1.905157
4.02,1.905343
4.03,1.905527
4.04,1.905707
4.05,1.905884
4.06,1.906058
4.07,1.906229
4.08,1.906397
4.09,1.906562
4.1,1.906724
4.11,1.906883
4.12,1.90704
4.13,1.907194
4.14,1.907345
4.15,1.907493
4.16,1.907639
4.17,1.907782
4.18,1.907922
4.19,1.90806
4.2,1.908195
4.21,1.908328
4.22,1.908458
4.23,1.908585
4.24,1.90871
4.25,1.908833
4.26,1.908953
4.27,1.90907
4.28,1.909186
4.29,1.909299
4.3,1.90941
4.31,1.909519
4.32,1.909625
4.33,1.909729
4.34,1.909831
4.35,1.90993
4.36,1.910028
4.37,1.910123
4.38,1.910217
4.39,1.910308
4.4,1.910397
4.41,1.910483
4.42,1.910569
4.43,1.910651
4.44,1.910733
4.45,1.910811
4.46,1.910888
4.47,1.910963
4.48,1.911036
4.49,1.911108
4.5,1.911176
4.51,1.911244
4.52,1.911309
4.53,1.911374
4.54,1.911435
4.55,1.911495
4.56,1.911553
4.57,1.91161
4.58,1.911664
4.59,1.911717
4.6,1.911768
4.61,1.911819
4.62,1.911866
4.63,1.911913
4.64,1.911956
4.65,1.912
4.66,1.91204
4.67,1.91208
4.68,1.912117
4.69,1.912154
4.7,1.912189
4.71,1.912221
4.72,1.912253
4.73,1.912282
4.74,1.912311
4.75,1.912337
4.76,1.912363
4.77,1.912386
4.78,1.912408
4.79,1.912429
4.8,1.912448
4.81,1.912466
4.82,1.912481
4.83,1.912496
4.84,1.912509
4.85,1.912521
4.86,1.912531
4.87,1.91254
4.88,1.912548
4.89,1.912553
4.9,1.912558
4.91,1.912561
4.92,1.912563
4.93,1.912563
4.94,1.912562
4.95,1.912559
4.96,1.912556
4.97,1.91255
4.98,1.912544
4.99,1.912536
5,1.912526
5.01,1.912544
5.02,1.91254
5.03,1.912534
5.04,1.912528
5.05,1.91252
5.06,1.91251
5.07,1.9125
5.08,1.912489
5.09,1.912476
5.1,1.912462
5.11,1.912447
5.12,1.912431
5.13,1.912414
5.14,1.912395
5.15,1.912376
5.16,1.912355
5.17,1.912333
5.18,1.91231
5.19,1.912285
5.2,1.912259
5.21,1.912233
5.22,1.912205
5.23,1.912176
5.24,1.912146
5.25,1.912115
5.26,1.912082
5.27,1.912049
5.28,1.912014
5.29,1.911978
5.3,1.911942
5.31,1.911903
5.32,1.911864
5.33,1.911824
5.34,1.911782
5.35,1.911739
5.36,1.911695
5.37,1.91165
5.38,1.911605
5.39,1.911558
5.4,1.911509
5.41,1.911459
5.42,1.911409
5.43,1.911357
5.44,1.911304
5.45,1.91125
5.46,1.911195
5.47,1.911138
5.48,1.911081
5.49,1.911022
5.5,1.910962
5.51,1.9109
5.52,1.910838
5.53,1.910775
5.54,1.910711
5.55,1.910645
5.56,1.910577
5.57,1.91051
5.58,1.91044
5.59,1.91037
5.6,1.910298
5.61,1.910225
5.62,1.910151
5.63,1.910076
5.64,1.909999
5.65,1.909922
5.66,1.909843
5.67,1.909763
5.68,1.909683
5.69,1.9096
5.7,1.909517
5.71,1.909432
5.72,1.909346
5.73,1.909259
5.74,1.90917
5.75,1.909081
5.76,1.90899
5.77,1.908898
5.78,1.908805
5.79,1.90871
5.8,1.908615
5.81,1.908518
5.82,1.908419
5.83,1.90832
5.84,1.908219
5.85,1.908117
5.86,1.908014
5.87,1.90791
5.88,1.907803
5.89,1.907697
5.9,1.907589
5.91,1.907479
5.92,1.907368
5.93,1.907256
5.94,1.907143
5.95,1.907028
5.96,1.906911
5.97,1.906794
5.98,1.906675
5.99,1.906556
6,1.906434
6.01,1.906342
6.02,1.906286
6.03,1.906228
6.04,1.906171
6.05,1.906113
6.06,1.906054
6.07,1.905994
6.08,1.905934
6.09,1.905874
6.1,1.905813
6.11,1.905751
6.12,1.905689
6.13,1.905627
6.14,1.905563
6.15,1.9055
6.16,1.905436
6.17,1.905372
6.18,1.905307
6.19,1.905242
6.2,1.905176
6.21,1.90511
6.22,1.905044
6.23,1.904976
6.24,1.904909
6.25,1.904841
6.26,1.904772
6.27,1.904703
6.28,1.904633
6.29,1.904564
6.3,1.904493
6.31,1.904422
6.32,1.904351
6.33,1.90428
6.34,1.904208
6.35,1.904136
6.36,1.904063
6.37,1.90399
6.38,1.903917
6.39,1.903842
6.4,1.903768
6.41,1.903693
6.42,1.903618
6.43,1.903543
6.44,1.903467
6.45,1.903392
6.46,1.903315
6.47,1.903238
6.48,1.903161
6.49,1.903083
6.5,1.903004
6.51,1.902926
6.52,1.902847
6.53,1.902769
6.54,1.902689
6.55,1.90261
6.56,1.902529
6.57,1.902449
6.58,1.902368
6.59,1.902287
6.6,1.902206
6.61,1.902124
6.62,1.902042
6.63,1.90196
6.64,1.901877
6.65,1.901793
6.66,1.90171
6.67,1.901627
6.68,1.901542
6.69,1.901458
6.7,1.901374
6.71,1.901289
6.72,1.901203
6.73,1.901118
6.74,1.901033
6.75,1.900947
6.76,1.90086
6.77,1.900774
6.78,1.900687
6.79,1.9006
6.8,1.900512
6.81,1.900424
6.82,1.900336
6.83,1.900248
6.84,1.900159
6.85,1.900071
6.86,1.899981
6.87,1.899892
6.88,1.899803
6.89,1.899712
6.9,1.899623
6.91,1.899532
6.92,1.899442
6.93,1.89935
6.94,1.899259
6.95,1.899169
6.96,1.899076
6.97,1.898985
6.98,1.898893
6.99,1.8988
7,1.898723
7.01,1.898677
7.02,1.898631
7.03,1.898585
7.04,1.89854
7.05,1.898494
7.06,1.898448
7.07,1.898402
7.08,1.898356
7.09,1.898311
7.1,1.898265
7.11,1.898219
7.12,1.898173
7.13,1.898127
7.14,1.898082
7.15,1.898036
7.16,1.897991
7.17,1.897945
7.18,1.897898
7.19,1.897853
7.2,1.897808
7.21,1.897762
7.22,1.897717
7.23,1.897671
7.24,1.897625
7.25,1.897579
7.26,1.897534
7.27,1.897489
7.28,1.897443
7.29,1.897398
7.3,1.897352
7.31,1.897306
7.32,1.897262
7.33,1.897216
7.34,1.897171
7.35,1.897125
7.36,1.89708
7.37,1.897034
7.38,1.896989
7.39,1.896944
7.4,1.896899
7.41,1.896853
7.42,1.896808
7.43,1.896763
7.44,1.896718
7.45,1.896673
7.46,1.896628
7.47,1.896583
7.48,1.896538
7.49,1.896493
7.5,1.896448
7.51,1.896403
7.52,1.896358
7.53,1.896314
7.54,1.896269
7.55,1.896225
7.56,1.89618
7.57,1.896135
7.58,1.89609
7.59,1.896045
7.6,1.896001
7.61,1.895956
7.62,1.895911
7.63,1.895867
7.64,1.895822
7.65,1.895778
7.66,1.895734
7.67,1.89569
7.68,1.895646
7.69,1.895601
7.7,1.895557
7.71,1.895513
7.72,1.895468
7.73,1.895424
7.74,1.895381
7.75,1.895336
7.76,1.895292
7.77,1.895248
7.78,1.895204
7.79,1.89516
7.8,1.895117
7.81,1.895073
7.82,1.895029
7.83,1.894985
7.84,1.894941
7.85,1.894897
7.86,1.894854
7.87,1.894811
7.88,1.894766
7.89,1.894723
7.9,1.89468
7.91,1.894636
7.92,1.894594
7.93,1.89455
7.94,1.894507
7.95,1.894463
7.96,1.89442
7.97,1.894377
7.98,1.894334
7.99,1.894291
8,1.894248
8.01,1.894205
8.02,1.894162
8.03,1.894119
8.04,1.894076
8.05,1.894033
8.06,1.89399
8.07,1.893948
8.08,1.893905
8.09,1.893863
8.1,1.89382
8.11,1.893778
8.12,1.893735
8.13,1.893693
8.14,1.89365
8.15,1.893608
8.16,1.893565
8.17,1.893523
8.18,1.893481
8.19,1.893439
8.2,1.893396
8.21,1.893355
8.22,1.893312
8.23,1.893271
8.24,1.893228
8.25,1.893187
8.26,1.893145
8.27,1.893103
8.28,1.893062
8.29,1.89302
8.3,1.892978
8.31,1.892936
8.32,1.892895
8.33,1.892854
8.34,1.892812
8.35,1.892771
8.36,1.892729
8.37,1.892688
8.38,1.892647
8.39,1.892605
8.4,1.892565
8.41,1.892523
8.42,1.892482
8.43,1.892441
8.44,1.8924
8.45,1.892359
8.46,1.892318
8.47,1.892277
8.48,1.892237
8.49,1.892196
8.5,1.892156
8.51,1.892115
8.52,1.892074
8.53,1.892034
8.54,1.891993
8.55,1.891953
8.56,1.891913
8.57,1.891872
8.58,1.891832
8.59,1.891791
8.6,1.891751
8.61,1.891712
8.62,1.891671
8.63,1.891631
8.64,1.891591
8.65,1.891552
8.66,1.891511
8.67,1.891471
8.68,1.891432
8.69,1.891392
8.7,1.891353
8.71,1.891313
8.72,1.891274
8.73,1.891234
8.74,1.891194
8.75,1.891155
8.76,1.891116
8.77,1.891076
8.78,1.891037
8.79,1.890998
8.8,1.890959
8.81,1.89092
8.82,1.890881
8.83,1.890841
8.84,1.890803
8.85,1.890764
8.86,1.890725
8.87,1.890686
8.88,1.890648
8.89,1.890608
8.9,1.89057
8.91,1.890532
8.92,1.890493
8.93,1.890454
8.94,1.890416
8.95,1.890378
8.96,1.890339
8.97,1.890301
8.98,1.890263
8.99,1.890225
9,1.890186
9.01,1.890148
9.02,1.89011
9.03,1.890072
9.04,1.890034
9.05,1.889997
9.06,1.889959
9.07,1.889921
9.08,1.889884
9.09,1.889845
9.1,1.889808
9.11,1.88977
9.12,1.889733
9.13,1.889696
9.14,1.889658
9.15,1.889621
9.16,1.889583
9.17,1.889546
9.18,1.889509
9.19,1.889472
9.2,1.889434
9.21,1.889398
9.22,1.88936
9.23,1.889323
9.24,1.889287
9.25,1.88925
9.26,1.889213
9.27,1.889176
9.28,1.88914
9.29,1.889103
9.3,1.889066
9.31,1.889029
9.32,1.888992
9.33,1.888957
9.34,1.88892
9.35,1.888884
9.36,1.888848
9.37,1.888811
9.38,1.888775
9.39,1.888739
9.4,1.888702
9.41,1.888666
9.42,1.88863
9.43,1.888595
9.44,1.888559
9.45,1.888523
9.46,1.888487
9.47,1.888451
9.48,1.888416
9.49,1.88838
9.5,1.888344
9.51,1.888309
9.52,1.888274
9.53,1.888238
9.54,1.888203
9.55,1.888167
9.56,1.888132
9.57,1.888097
9.58,1.888061
9.59,1.888026
9.6,1.887991
9.61,1.887956
9.62,1.887921
9.63,1.887886
9.64,1.887851
9.65,1.887816
9.66,1.887781
9.67,1.887746
9.68,1.887712
9.69,1.887677
9.7,1.887642
9.71,1.887608
9.72,1.887574
9.73,1.887539
9.74,1.887505
9.75,1.88747
9.76,1.887436
9.77,1.887401
9.78,1.887368
9.79,1.887333
9.8,1.887299
9.81,1.887265
9.82,1.887231
9.83,1.887197
9.84,1.887163
9.85,1.88713
9.86,1.887095
9.87,1.887061
9.88,1.887028
9.89,1.886994
9.9,1.886961
9.91,1.886927
9.92,1.886893
9.93,1.88686
9.94,1.886827
9.95,1.886793
9.96,1.88676
9.97,1.886727
9.98,1.886694
9.99,1.88666
10,1.886627
10.01,1.886645
10.02,1.886661
10.03,1.886677
10.04,1.886693
10.05,1.886709
10.06,1.886723
10.07,1.886739
10.08,1.886754
10.09,1.88677
10.1,1.886785
10.11,1.8868
10.12,1.886815
10.13,1.886831
10.14,1.886846
10.15,1.88686
10.16,1.886876
10.17,1.88689
10.18,1.886906
10.19,1.886921
10.2,1.886935
10.21,1.88695
10.22,1.886965
10.23,1.886979
10.24,1.886994
10.25,1.887008
10.26,1.887023
10.27,1.887037
10.28,1.887052
10.29,1.887066
10.3,1.88708
10.31,1.887094
10.32,1.887108
10.33,1.887123
10.34,1.887136
10.35,1.887151
10.36,1.887165
10.37,1.887179
10.38,1.887193
10.39,1.887207
10.4,1.887221
10.41,1.887234
10.42,1.887248
10.43,1.887261
10.44,1.887275
10.45,1.887289
10.46,1.887302
10.47,1.887316
10.48,1.887329
10.49,1.887343
10.5,1.887355
10.51,1.887369
10.52,1.887382
10.53,1.887396
10.54,1.887409
10.55,1.887422
10.56,1.887435
10.57,1.887448
10.58,1.887461
10.59,1.887474
10.6,1.887487
10.61,1.8875
10.62,1.887513
10.63,1.887525
10.64,1.887539
10.65,1.887551
10.66,1.887564
10.67,1.887577
10.68,1.887588
10.69,1.887601
10.7,1.887614
10.71,1.887627
10.72,1.887639
10.73,1.887652
10.74,1.887664
10.75,1.887676
10.76,1.887688
10.77,1.8877
10.78,1.887713
10.79,1.887725
10.8,1.887737
10.81,1.887749
10.82,1.887761
10.83,1.887773
10.84,1.887786
10.85,1.887797
10.86,1.887809
10.87,1.887822
10.88,1.887832
10.89,1.887844
10.9,1.887856
10.91,1.887868
10.92,1.887879
10.93,1.887891
10.94,1.887903
10.95,1.887915
10.96,1.887926
10.97,1.887937
10.98,1.887949
10.99,1.88796
11,1.887971
11.01,1.887983
11.02,1.887995
11.03,1.888006
11.04,1.888017
11.05,1.888028
11.06,1.888039
11.07,1.88805
11.08,1.888062
11.09,1.888073
11.1,1.888084
11.11,1.888095
11.12,1.888106
11.13,1.888117
11.14,1.888127
11.15,1.888138
11.16,1.88815
11.17,1.88816
11.18,1.888171
11.19,1.888182
11.2,1.888192
11.21,1.888203
11.22,1.888213
11.23,1.888224
11.24,1.888234
11.25,1.888245
11.26,1.888256
11.27,1.888266
11.28,1.888276
11.29,1.888287
11.3,1.888297
11.31,1.888308
11.32,1.888318
11.33,1.888328
11.34,1.888338
11.35,1.888348
11.36,1.888359
11.37,1.888369
11.38,1.888379
11.39,1.888389
11.4,1.888399
11.41,1.888409
11.42,1.88842
11.43,1.888429
11.44,1.88844
11.45,1.888449
11.46,1.888459
11.47,1.888469
11.48,1.888478
11.49,1.888488
11.5,1.888498
11.51,1.888508
11.52,1.888518
11.53,1.888528
11.54,1.888537
11.55,1.888547
11.56,1.888556
11.57,1.888566
11.58,1.888575
11.59,1.888584
11.6,1.888595
11.61,1.888604
11.62,1.888613
11.63,1.888623
11.64,1.888632
11.65,1.888641
11.66,1.888651
11.67,1.888659
11.68,1.888669
11.69,1.888679
11.7,1.888687
11.71,1.888696
11.72,1.888706
11.73,1.888715
11.74,1.888724
11.75,1.888733
11.76,1.888742
11.77,1.888751
11.78,1.88876
11.79,1.888769
11.8,1.888778
11.81,1.888787
11.82,1.888795
11.83,1.888805
11.84,1.888814
11.85,1.888822
11.86,1.888831
11.87,1.88884
11.88,1.888848
11.89,1.888857
11.9,1.888866
11.91,1.888874
11.92,1.888883
11.93,1.888892
11.94,1.8889
11.95,1.888909
11.96,1.888917
11.97,1.888926
11.98,1.888934
11.99,1.888943
12,1.888952
12.01,1.888959
12.02,1.888968
12.03,1.888976
12.04,1.888985
12.05,1.888993
12.06,1.889001
12.07,1.889009
12.08,1.889018
12.09,1.889026
12.1,1.889034
12.11,1.889042
12.12,1.88905
12.13,1.889059
12.14,1.889067
12.15,1.889074
12.16,1.889083
12.17,1.889091
12.18,1.889099
12.19,1.889107
12.2,1.889115
12.21,1.889122
12.22,1.889131
12.23,1.889139
12.24,1.889146
12.25,1.889154
12.26,1.889162
12.27,1.88917
12.28,1.889177
12.29,1.889185
12.3,1.889193
12.31,1.889201
12.32,1.889208
12.33,1.889216
12.34,1.889224
12.35,1.889231
12.36,1.889239
12.37,1.889246
12.38,1.889255
12.39,1.889262
12.4,1.889269
12.41,1.889277
12.42,1.889285
12.43,1.889292
12.44,1.889299
12.45,1.889307
12.46,1.889314
12.47,1.889322
12.48,1.889329
12.49,1.889337
12.5,1.889343
12.51,1.889351
12.52,1.889358
12.53,1.889365
12.54,1.889373
12.55,1.889379
12.56,1.889387
12.57,1.889394
12.58,1.889402
12.59,1.889409
12.6,1.889415
12.61,1.889422
12.62,1.889429
12.63,1.889436
12.64,1.889444
12.65,1.889451
12.66,1.889457
12.67,1.889464
12.68,1.889471
12.69,1.889479
12.7,1.889486
12.71,1.889493
12.72,1.889499
12.73,1.889507
12.74,1.889513
12.75,1.88952
12.76,1.889526
12.77,1.889534
12.78,1.88954
12.79,1.889547
12.8,1.889554
12.81,1.889561
12.82,1.889567
12.83,1.889574
12.84,1.88958
12.85,1.889587
12.86,1.889594
12.87,1.8896
12.88,1.889607
12.89,1.889614
12.9,1.889621
12.91,1.889627
12.92,1.889633
12.93,1.88964
12.94,1.889646
12.95,1.889653
12.96,1.889659
12.97,1.889666
12.98,1.889672
12.99,1.889679
13,1.889685
13.01,1.889691
13.02,1.889698
13.03,1.889704
13.04,1.88971
13.05,1.889716
13.06,1.889722
13.07,1.889729
13.08,1.889735
13.09,1.889741
13.1,1.889748
13.11,1.889754
13.12,1.88976
13.13,1.889767
13.14,1.889772
13.15,1.889779
13.16,1.889785
13.17,1.889791
13.18,1.889797
13.19,1.889803
13.2,1.889809
13.21,1.889815
13.22,1.889821
13.23,1.889827
13.24,1.889833
13.25,1.889839
13.26,1.889845
13.27,1.889851
13.28,1.889857
13.29,1.889863
13.3,1.889868
13.31,1.889874
13.32,1.889881
13.33,1.889886
13.34,1.889892
13.35,1.889898
13.36,1.889904
13.37,1.88991
13.38,1.889915
13.39,1.889921
13.4,1.889927
13.41,1.889933
13.42,1.889938
13.43,1.889944
13.44,1.88995
13.45,1.889956
13.46,1.889961
13.47,1.889966
13.48,1.889973
13.49,1.889978
13.5,1.889983
13.51,1.88999
13.52,1.889995
13.53,1.89
13.54,1.890006
13.55,1.890011
13.56,1.890017
13.57,1.890022
13.58,1.890028
13.59,1.890033
13.6,1.890039
13.61,1.890044
13.62,1.89005
13.63,1.890056
13.64,1.89006
13.65,1.890066
13.66,1.890072
13.67,1.890076
13.68,1.890082
13.69,1.890087
13.7,1.890093
13.71,1.890098
13.72,1.890103
13.73,1.890108
13.74,1.890114
13.75,1.890119
13.76,1.890124
13.77,1.89013
13.78,1.890135
13.79,1.89014
13.8,1.890145
13.81,1.89015
13.82,1.890156
13.83,1.890161
13.84,1.890166
13.85,1.890171
13.86,1.890176
13.87,1.890182
13.88,1.890186
13.89,1.890191
13.9,1.890196
13.91,1.890202
13.92,1.890207
13.93,1.890212
13.94,1.890216
13.95,1.890222
13.96,1.890226
13.97,1.890232
13.98,1.890236
13.99,1.890241
14,1.890247
14.01,1.890251
14.02,1.890256
14.03,1.890261
14.04,1.890266
14.05,1.890271
14.06,1.890276
14.07,1.890281
14.08,1.890285
14.09,1.890291
14.1,1.890295
14.11,1.8903
14.12,1.890305
14.13,1.89031
14.14,1.890314
14.15,1.890319
14.16,1.890324
14.17,1.890329
14.18,1.890333
14.19,1.890338
14.2,1.890343
14.21,1.890347
14.22,1.890352
14.23,1.890357
14.24,1.890362
14.25,1.890366
14.26,1.890371
14.27,1.890376
14.28,1.89038
14.29,1.890385
14.3,1.890389
14.31,1.890394
14.32,1.890398
14.33,1.890403
14.34,1.890407
14.35,1.890412
14.36,1.890416
14.37,1.890421
14.38,1.890426
14.39,1.89043
14.4,1.890434
14.41,1.890439
14.42,1.890443
14.43,1.890447
14.44,1.890452
14.45,1.890457
14.46,1.890461
14.47,1.890465
14.48,1.89047
14.49,1.890474
14.5,1.890479
14.51,1.890483
14.52,1.890487
14.53,1.890491
14.54,1.890496
14.55,1.8905
14.56,1.890505
14.57,1.890508
14.58,1.890513
14.59,1.890517
14.6,1.890521
14.61,1.890526
14.62,1.89053
14.63,1.890534
14.64,1.890539
14.65,1.890543
14.66,1.890547
14.67,1.890551
14.68,1.890555
14.69,1.890559
14.7,1.890564
14.71,1.890568
14.72,1.890572
14.73,1.890576
14.74,1.89058
14.75,1.890584
14.76,1.890588
14.77,1.890592
14.78,1.890597
14.79,1.890601
14.8,1.890605
14.81,1.890609
14.82,1.890613
14.83,1.890617
14.84,1.890621
14.85,1.890625
14.86,1.890629
14.87,1.890633
14.88,1.890637
14.89,1.890641
14.9,1.890645
14.91,1.890648
14.92,1.890653
14.93,1.890657
14.94,1.890661
14.95,1.890665
14.96,1.890668
14.97,1.890673
14.98,1.890677
14.99,1.89068
15,1.890684
15.01,1.890688
15.02,1.890692
15.03,1.890695
15.04,1.8907
15.05,1.890703
15.06,1.890708
15.07,1.890711
15.08,1.890715
15.09,1.890719
15.1,1.890722
15.11,1.890727
15.12,1.89073
15.13,1.890734
15.14,1.890737
15.15,1.890742
15.16,1.890745
15.17,1.890749
15.18,1.890752
15.19,1.890756
15.2,1.89076
15.21,1.890763
15.22,1.890768
15.23,1.890771
15.24,1.890774
15.25,1.890779
15.26,1.890783
15.27,1.890786
15.28,1.890789
15.29,1.890793
15.3,1.890796
15.31,1.8908
15.32,1.890804
15.33,1.890808
15.34,1.890811
15.35,1.890814
15.36,1.890818
15.37,1.890822
15.38,1.890825
15.39,1.890829
15.4,1.890833
15.41,1.890836
15.42,1.89084
15.43,1.890843
15.44,1.890847
15.45,1.89085
15.46,1.890854
15.47,1.890857
15.48,1.890861
15.49,1.890864
15.5,1.890868
15.51,1.890871
15.52,1.890874
15.53,1.890878
15.54,1.890881
15.55,1.890885
15.56,1.890888
15.57,1.890891
15.58,1.890895
15.59,1.890898
15.6,1.890902
15.61,1.890905
15.62,1.890908
15.63,1.890912
15.64,1.890915
15.65,1.890918
15.66,1.890921
15.67,1.890925
15.68,1.890928
15.69,1.890931
15.7,1.890935
15.71,1.890938
15.72,1.890941
15.73,1.890945
15.74,1.890948
15.75,1.890951
15.76,1.890955
15.77,1.890958
15.78,1.890962
15.79,1.890964
15.8,1.890968
15.81,1.890971
15.82,1.890975
15.83,1.890977
15.84,1.890981
15.85,1.890984
15.86,1.890987
15.87,1.89099
15.88,1.890994
15.89,1.890996
15.9,1.891
15.91,1.891003
15.92,1.891006
15.93,1.891009
15.94,1.891012
15.95,1.891015
15.96,1.891019
15.97,1.891021
15.98,1.891025
15.99,1.891028
16,1.891032
16.01,1.891034
16.02,1.891037
16.03,1.891041
16.04,1.891044
16.05,1.891046
16.06,1.891049
16.07,1.891053
16.08,1.891056
16.09,1.891059
16.1,1.891061
16.11,1.891064
16.12,1.891068
16.13,1.891071
16.14,1.891074
16.15,1.891077
16.16,1.89108
16.17,1.891083
16.18,1.891086
16.19,1.891089
16.2,1.891092
16.21,1.891095
16.22,1.891098
16.23,1.891101
16.24,1.891104
16.25,1.891107
16.26,1.891109
16.27,1.891112
16.28,1.891115
16.29,1.891118
16.3,1.891121
16.31,1.891124
16.32,1.891127
16.33,1.891129
16.34,1.891132
16.35,1.891136
16.36,1.891138
16.37,1.891141
16.38,1.891144
16.39,1.891146
16.4,1.891149
16.41,1.891153
16.42,1.891155
16.43,1.891158
16.44,1.89116
16.45,1.891164
16.46,1.891167
16.47,1.891169
16.48,1.891173
16.49,1.891175
16.5,1.891177
16.51,1.89118
16.52,1.891183
16.53,1.891186
16.54,1.891189
16.55,1.891192
16.56,1.891194
16.57,1.891197
16.58,1.891199
16.59,1.891203
16.6,1.891205
16.61,1.891207
16.62,1.891211
16.63,1.891213
16.64,1.891216
16.65,1.891218
16.66,1.891222
16.67,1.891224
16.68,1.891227
16.69,1.891229
16.7,1.891232
16.71,1.891234
16.72,1.891237
16.73,1.89124
16.74,1.891243
16.75,1.891246
16.76,1.891248
16.77,1.891251
16.78,1.891254
16.79,1.891256
16.8,1.891259
16.81,1.891261
16.82,1.891263
16.83,1.891266
16.84,1.891269
16.85,1.891271
16.86,1.891274
16.87,1.891277
16.88,1.891279
16.89,1.891281
16.9,1.891284
16.91,1.891287
16.92,1.891289
16.93,1.891291
16.94,1.891294
16.95,1.891297
16.96,1.8913
16.97,1.891301
16.98,1.891304
16.99,1.891307
17,1.89131
17.01,1.891312
17.02,1.891315
17.03,1.891317
17.04,1.891319
17.05,1.891322
17.06,1.891324
17.07,1.891327
17.08,1.891329
17.09,1.891332
17.1,1.891334
17.11,1.891337
17.12,1.891339
17.13,1.891342
17.14,1.891344
17.15,1.891346
17.16,1.891349
17.17,1.891351
17.18,1.891354
17.19,1.891356
17.2,1.891359
17.21,1.891361
17.22,1.891363
17.23,1.891365
17.24,1.891368
17.25,1.89137
17.26,1.891373
17.27,1.891376
17.28,1.891378
17.29,1.89138
17.3,1.891382
17.31,1.891384
17.32,1.891387
17.33,1.89139
17.34,1.891392
17.35,1.891394
17.36,1.891396
17.37,1.891398
17.38,1.891401
17.39,1.891403
17.4,1.891405
17.41,1.891408
17.42,1.891411
17.43,1.891413
17.44,1.891415
17.45,1.891417
17.46,1.891419
17.47,1.891422
17.48,1.891424
17.49,1.891427
17.5,1.891428
17.51,1.89143
17.52,1.891433
17.53,1.891435
17.54,1.891437
17.55,1.89144
17.56,1.891442
17.57,1.891445
17.58,1.891446
17.59,1.891448
17.6,1.891451
17.61,1.891453
17.62,1.891455
17.63,1.891457
17.64,1.891459
17.65,1.891462
17.66,1.891464
17.67,1.891466
17.68,1.891468
17.69,1.89147
17.7,1.891472
17.71,1.891475
17.72,1.891476
17.73,1.891479
17.74,1.891482
17.75,1.891483
17.76,1.891486
17.77,1.891487
17.78,1.89149
17.79,1.891492
17.8,1.891494
17.81,1.891497
17.82,1.891498
17.83,1.891501
17.84,1.891502
17.85,1.891505
17.86,1.891507
17.87,1.891509
17.88,1.891511
17.89,1.891513
17.9,1.891515
17.91,1.891517
17.92,1.89152
17.93,1.891521
17.94,1.891523
17.95,1.891526
17.96,1.891528
17.97,1.891529
17.98,1.891532
17.99,1.891534
18,1.891536
18.01,1.891537
18.02,1.89154
18.03,1.891542
18.04,1.891544
18.05,1.891546
18.06,1.891548
18.07,1.89155
18.08,1.891552
18.09,1.891554
18.1,1.891556
18.11,1.891558
18.12,1.89156
18.13,1.891562
18.14,1.891564
18.15,1.891566
18.16,1.891568
18.17,1.89157
18.18,1.891572
18.19,1.891573
18.2,1.891576
18.21,1.891578
18.22,1.89158
18.23,1.891582
18.24,1.891584
18.25,1.891586
18.26,1.891588
18.27,1.89159
18.28,1.891591
18.29,1.891593
18.3,1.891595
18.31,1.891597
18.32,1.891599
18.33,1.891601
18.34,1.891603
18.35,1.891605
18.36,1.891607
18.37,1.891609
18.38,1.89161
18.39,1.891612
18.4,1.891614
18.41,1.891616
18.42,1.891619
18.43,1.891621
18.44,1.891622
18.45,1.891624
18.46,1.891626
18.47,1.891628
18.48,1.891629
18.49,1.891631
18.5,1.891633
18.51,1.891636
18.52,1.891637
18.53,1.891639
18.54,1.89164
18.55,1.891642
18.56,1.891645
18.57,1.891646
18.58,1.891648
18.59,1.89165
18.6,1.891651
18.61,1.891654
18.62,1.891655
18.63,1.891657
18.64,1.891659
18.65,1.891661
18.66,1.891663
18.67,1.891664
18.68,1.891666
18.69,1.891668
18.7,1.89167
18.71,1.891671
18.72,1.891673
18.73,1.891675
18.74,1.891677
18.75,1.891678
18.76,1.891681
18.77,1.891682
18.78,1.891684
18.79,1.891686
18.8,1.891687
18.81,1.89169
18.82,1.891691
18.83,1.891692
18.84,1.891695
18.85,1.891696
18.86,1.891697
18.87,1.8917
18.88,1.891701
18.89,1.891703
18.9,1.891705
18.91,1.891707
18.92,1.891708
18.93,1.891709
18.94,1.891712
18.95,1.891713
18.96,1.891715
18.97,1.891716
18.98,1.891719
18.99,1.89172
19,1.891722
19.01,1.891723
19.02,1.891725
19.03,1.891727
19.04,1.891729
19.05,1.89173
19.06,1.891732
19.07,1.891733
19.08,1.891735
19.09,1.891736
19.1,1.891738
19.11,1.891741
19.12,1.891742
19.13,1.891744
19.14,1.891745
19.15,1.891747
19.16,1.891749
19.17,1.89175
19.18,1.891752
19.19,1.891753
19.2,1.891755
19.21,1.891757
19.22,1.891758
19.23,1.89176
19.24,1.891762
19.25,1.891763
19.26,1.891765
19.27,1.891767
19.28,1.891768
19.29,1.89177
19.3,1.891772
19.31,1.891772
19.32,1.891774
19.33,1.891776
19.34,1.891777
19.35,1.891779
19.36,1.891781
19.37,1.891783
19.38,1.891783
19.39,1.891785
19.4,1.891787
19.41,1.891789
19.42,1.89179
19.43,1.891792
19.44,1.891794
19.45,1.891795
19.46,1.891796
19.47,1.891798
19.48,1.891799
19.49,1.891801
19.5,1.891803
19.51,1.891804
19.52,1.891805
19.53,1.891807
19.54,1.891809
19.55,1.89181
19.56,1.891812
19.57,1.891813
19.58,1.891814
19.59,1.891816
19.6,1.891818
19.61,1.891819
19.62,1.891821
19.63,1.891823
19.64,1.891823
19.65,1.891825
19.66,1.891826
19.67,1.891828
19.68,1.89183
19.69,1.891831
19.7,1.891833
19.71,1.891834
19.72,1.891836
19.73,1.891837
19.74,1.891839
19.75,1.89184
19.76,1.891842
19.77,1.891843
19.78,1.891845
19.79,1.891846
19.8,1.891848
19.81,1.891849
19.82,1.891851
19.83,1.891852
19.84,1.891854
19.85,1.891855
19.86,1.891856
19.87,1.891858
19.88,1.891859
19.89,1.891861
19.9,1.891862
19.91,1.891864
19.92,1.891865
19.93,1.891866
19.94,1.891868
19.95,1.891869
19.96,1.89187
19.97,1.891872
19.98,1.891873
19.99,1.891874
20,1.891876
20.01,1.891877
20.02,1.891879
20.03,1.891881
20.04,1.891882
20.05,1.891883
20.06,1.891884
20.07,1.891886
20.08,1.891887
20.09,1.891888
20.1,1.89189
20.11,1.891892
20.12,1.891893
20.13,1.891894
20.14,1.891895
20.15,1.891896
20.16,1.891899
20.17,1.8919
20.18,1.891901
20.19,1.891902
20.2,1.891903
20.21,1.891905
20.22,1.891907
20.23,1.891908
20.24,1.891909
20.25,1.89191
20.26,1.891912
20.27,1.891913
20.28,1.891914
20.29,1.891915
20.3,1.891917
20.31,1.891918
20.32,1.89192
20.33,1.891921
20.34,1.891923
20.35,1.891924
20.36,1.891925
20.37,1.891927
20.38,1.891928
20.39,1.891929
20.4,1.891931
20.41,1.891932
20.42,1.891933
20.43,1.891934
20.44,1.891936
20.45,1.891937
20.46,1.891938
20.47,1.89194
20.48,1.891941
20.49,1.891942
20.5,1.891943
20.51,1.891944
20.52,1.891946
20.53,1.891947
20.54,1.891948
20.55,1.89195
20.56,1.891951
20.57,1.891952
20.58,1.891954
20.59,1.891955
20.6,1.891956
20.61,1.891957
20.62,1.891958
20.63,1.89196
20.64,1.891961
20.65,1.891962
20.66,1.891964
20.67,1.891965
20.68,1.891966
20.69,1.891968
20.7,1.891969
20.71,1.891969
20.72,1.891971
20.73,1.891972
20.74,1.891974
20.75,1.891974
20.76,1.891976
20.77,1.891977
20.78,1.891979
20.79,1.89198
20.8,1.891981
20.81,1.891982
20.82,1.891984
20.83,1.891984
20.84,1.891986
20.85,1.891987
20.86,1.891988
20.87,1.891989
20.88,1.891991
20.89,1.891991
20.9,1.891993
20.91,1.891995
20.92,1.891995
20.93,1.891997
20.94,1.891998
20.95,1.891999
20.96,1.892
20.97,1.892001
20.98,1.892003
20.99,1.892004
21,1.892005
21.01,1.892006
21.02,1.892008
21.03,1.892009
21.04,1.892009
21.05,1.892011
21.06,1.892012
21.07,1.892013
21.08,1.892015
21.09,1.892015
21.1,1.892017
21.11,1.892018
21.12,1.892019
21.13,1.89202
21.14,1.892021
21.15,1.892022
21.16,1.892024
21.17,1.892024
21.18,1.892026
21.19,1.892027
21.2,1.892029
21.21,1.892029
21.22,1.892031
21.23,1.892032
21.24,1.892032
21.25,1.892034
21.26,1.892035
21.27,1.892036
21.28,1.892037
21.29,1.892039
21.3,1.89204
21.31,1.89204
21.32,1.892042
21.33,1.892043
21.34,1.892044
21.35,1.892045
21.36,1.892046
21.37,1.892048
21.38,1.892049
21.39,1.892049
21.4,1.89205
21.41,1.892052
21.42,1.892053
21.43,1.892054
21.44,1.892055
21.45,1.892056
21.46,1.892058
21.47,1.892059
21.48,1.892059
21.49,1.89206
21.5,1.892062
21.51,1.892063
21.52,1.892064
21.53,1.892064
21.54,1.892066
21.55,1.892067
21.56,1.892068
21.57,1.892069
21.58,1.892071
21.59,1.892071
21.6,1.892072
21.61,1.892073
21.62,1.892075
21.63,1.892076
21.64,1.892077
21.65,1.892078
21.66,1.892078
21.67,1.892079
21.68,1.892081
21.69,1.892082
21.7,1.892083
21.71,1.892084
21.72,1.892085
21.73,1.892086
21.74,1.892088
21.75,1.892088
21.76,1.892089
21.77,1.89209
21.78,1.892091
21.79,1.892092
21.8,1.892093
21.81,1.892094
21.82,1.892095
21.83,1.892097
21.84,1.892098
21.85,1.892099
21.86,1.8921
21.87,1.892101
21.88,1.892102
21.89,1.892103
21.9,1.892104
21.91,1.892105
21.92,1.892106
21.93,1.892107
21.94,1.892108
21.95,1.892109
21.96,1.89211
21.97,1.892111
21.98,1.892112
21.99,1.892113
22,1.892114
22.01,1.892115
22.02,1.892116
22.03,1.892117
22.04,1.892118
22.05,1.892119
22.06,1.89212
22.07,1.892121
22.08,1.892122
22.09,1.892123
22.1,1.892124
22.11,1.892125
22.12,1.892126
22.13,1.892127
22.14,1.892128
22.15,1.892128
22.16,1.892129
22.17,1.89213
22.18,1.892131
22.19,1.892132
22.2,1.892133
22.21,1.892135
22.22,1.892136
22.23,1.892136
22.24,1.892137
22.25,1.892138
22.26,1.892139
22.27,1.89214
22.28,1.892141
22.29,1.892141
22.3,1.892143
22.31,1.892144
22.32,1.892145
22.33,1.892146
22.34,1.892147
22.35,1.892147
22.36,1.892148
22.37,1.892149
22.38,1.892151
22.39,1.892152
22.4,1.892152
22.41,1.892153
22.42,1.892154
22.43,1.892155
22.44,1.892157
22.45,1.892157
22.46,1.892158
22.47,1.892159
22.48,1.89216
22.49,1.89216
22.5,1.892162
22.51,1.892163
22.52,1.892163
22.53,1.892164
22.54,1.892165
22.55,1.892166
22.56,1.892167
22.57,1.892168
22.58,1.892169
22.59,1.892169
22.6,1.892171
22.61,1.892172
22.62,1.892172
22.63,1.892173
22.64,1.892175
22.65,1.892175
22.66,1.892176
22.67,1.892177
22.68,1.892178
22.69,1.892179
22.7,1.89218
22.71,1.89218
22.72,1.892182
22.73,1.892183
22.74,1.892183
22.75,1.892184
22.76,1.892185
22.77,1.892186
22.78,1.892186
22.79,1.892188
22.8,1.892189
22.81,1.892189
22.82,1.89219
22.83,1.892191
22.84,1.892192
22.85,1.892192
22.86,1.892194
22.87,1.892195
22.88,1.892195
22.89,1.892197
22.9,1.892197
22.91,1.892198
22.92,1.892199
22.93,1.8922
22.94,1.8922
22.95,1.892202
22.96,1.892202
22.97,1.892203
22.98,1.892204
22.99,1.892205
23,1.892205
23.01,1.892207
23.02,1.892207
23.03,1.892209
23.04,1.892209
23.05,1.89221
23.06,1.892211
23.07,1.892212
23.08,1.892212
23.09,1.892214
23.1,1.892214
23.11,1.892216
23.12,1.892216
23.13,1.892216
23.14,1.892218
23.15,1.892218
23.16,1.89222
23.17,1.89222
23.18,1.892221
23.19,1.892222
23.2,1.892222
23.21,1.892224
23.22,1.892224
23.23,1.892225
23.24,1.892226
23.25,1.892226
23.26,1.892228
23.27,1.892228
23.28,1.892229
23.29,1.89223
23.3,1.892231
23.31,1.892232
23.32,1.892233
23.33,1.892233
23.34,1.892234
23.35,1.892235
23.36,1.892235
23.37,1.892237
23.38,1.892237
23.39,1.892238
23.4,1.892239
23.41,1.89224
23.42,1.89224
23.43,1.892241
23.44,1.892242
23.45,1.892243
23.46,1.892243
23.47,1.892245
23.48,1.892245
23.49,1.892246
23.5,1.892246
23.51,1.892248
23.52,1.892248
23.53,1.892249
23.54,1.892249
23.55,1.892251
23.56,1.892251
23.57,1.892252
23.58,1.892252
23.59,1.892254
23.6,1.892255
23.61,1.892255
23.62,1.892256
23.63,1.892257
23.64,1.892258
23.65,1.892258
23.66,1.892259
23.67,1.892259
23.68,1.892261
23.69,1.892262
23.7,1.892262
23.71,1.892263
23.72,1.892264
23.73,1.892265
23.74,1.892265
23.75,1.892266
23.76,1.892267
23.77,1.892267
23.78,1.892268
23.79,1.892269
23.8,1.89227
23.81,1.892271
23.82,1.892271
23.83,1.892272
23.84,1.892272
23.85,1.892274
23.86,1.892275
23.87,1.892275
23.88,1.892276
23.89,1.892276
23.9,1.892277
23.91,1.892278
23.92,1.892278
23.93,1.89228
23.94,1.89228
23.95,1.892281
23.96,1.892282
23.97,1.892283
23.98,1.892283
23.99,1.892284
24,1.892284
24.01,1.892285
24.02,1.892286
24.03,1.892286
24.04,1.892287
24.05,1.892288
24.06,1.892288
24.07,1.89229
24.08,1.892291
24.09,1.892291
24.1,1.892292
24.11,1.892293
24.12,1.892294
24.13,1.892294
24.14,1.892295
24.15,1.892296
24.16,1.892296
24.17,1.892297
24.18,1.892298
24.19,1.892298
24.2,1.892299
24.21,1.8923
24.22,1.892301
24.23,1.892301
24.24,1.892302
24.25,1.892303
24.26,1.892303
24.27,1.892304
24.28,1.892305
24.29,1.892306
24.3,1.892306
24.31,1.892306
24.32,1.892307
24.33,1.892308
24.34,1.892308
24.35,1.892309
24.36,1.89231
24.37,1.892311
24.38,1.892311
24.39,1.892312
24.4,1.892313
24.41,1.892314
24.42,1.892314
24.43,1.892315
24.44,1.892316
24.45,1.892317
24.46,1.892316
24.47,1.892317
24.48,1.892318
24.49,1.892319
24.5,1.89232
24.51,1.89232
24.52,1.892321
24.53,1.892322
24.54,1.892323
24.55,1.892323
24.56,1.892323
24.57,1.892324
24.58,1.892325
24.59,1.892326
24.6,1.892327
24.61,1.892327
24.62,1.892327
24.63,1.892328
24.64,1.892329
24.65,1.89233
24.66,1.89233
24.67,1.892331
24.68,1.892331
24.69,1.892332
24.7,1.892333
24.71,1.892334
24.72,1.892334
24.73,1.892334
24.74,1.892335
24.75,1.892336
24.76,1.892337
24.77,1.892338
24.78,1.892339
24.79,1.892338
24.8,1.892339
24.81,1.89234
24.82,1.892341
24.83,1.892341
24.84,1.892342
24.85,1.892343
24.86,1.892343
24.87,1.892343
24.88,1.892344
24.89,1.892345
24.9,1.892346
24.91,1.892347
24.92,1.892347
24.93,1.892348
24.94,1.892349
24.95,1.892349
24.96,1.892349
24.97,1.89235
24.98,1.892351
24.99,1.892351
25,1.892352
